Name,Price,Rating
Shop on eBay,$20.00,No Rating
Shop on eBay,$20.00,No Rating
"Lenovo X1 Carbon 14"" FHD Core i7 Laptop Computer Windows 11 16GB RAM 256GB SSD",$284.56,No Rating
"Lenovo Laptop PC Computer 11.6"" Intel Celeron Windows 10 4GB RAM 64GB SSD WiFi",$85.51,No Rating
Lenovo ThinkPad X1 Carbon Gen 6 Laptop 14” Core i7 16GB RAM 512GB SSD Windows 11,$299.99,No Rating
"Dell 15.6"" Touchscreen Laptop Windows 11 Intel Core i5 4.10GHz 64GB RAM 4TB SSD",$245.00 to $620.00,No Rating
2024 HP Laptop Computer 14 4-Core Intel Processor 16GB RAM Office 365 AI-Copilot,$258.80,No Rating
"HP Laptop 14"" HD Intel Core i3-1115G4 8GB 256GB PCIe SSD HD Cam Win 11 S Silver",$194.37,No Rating
"New ListingNEW HP ProBook 460 G11 16"" FHD+ Core Ultra 7 155U 32GB 512GB Cam FPR Warranty!",$660.00,No Rating
2024 HP Laptop Computer 15.6 FHD 10-Core Intel i5 Up to 64GB RAM 2TB SSD Win Pro,$409.00 to $649.00,No Rating
"32GB RAM Windows Laptop Computer, 1TB M2 PCIe NVMe SSD, 1.7-3.4 GHz Intel …………",$219.99,No Rating
"Dell Latitude 3190 Laptop PC Computer 11.6"" Celeron Windows 10 4GB RAM 64GB SSD",$87.23,No Rating
"2024 Lenovo IdeaPad Laptop Notebook 15.6""  Intel Processor Upto 20GB RAM 1TB SSD",$229.00 to $339.00,No Rating
Lenovo N23 Winbook Laptop Intel 1.60 GHz 4GB Memory 64GB HD Touchscreen Win 10,$84.99,No Rating
"HP EliteBook 830 G7 13.3"" FHD Gaming Laptop PC Intel Core i7 32GB DDR4 256GB SSD",$299.99,No Rating
"HP Laptop 14"" HD Intel Core i3-1115G4 16GB 512GB SSD Webcam Windows 11 Silver",$231.57,No Rating
Dell Laptop Windows 10 Latitude 7240 Intel Core i5 256GB SSD Touch screen Webcam,$129.00,No Rating
2-in-1 TouchScreen DELL Laptop/Tablet: Intel i5! 8GB RAM~256GB SSD! Windows 11!,$194.95,No Rating
"2024 HP Laptop 15.6"" 10-Core Intel i7,Upto 64GB RAM 2TB SSD, Backlit KB, W11 Pro",$599.00 to $839.00,No Rating
"HP EliteBook 14"" Laptop PC Computer Core i5 16GB RAM 256GB SSD Windows 11 HDMI",$202.50,No Rating
New ListingHP ProBook 445 14 inch G11 - Factory Sealed,$209.00,No Rating
"New ListingHP 14"" HD Laptop, Intel Core i3-N305, 8GB RAM, 256GB SSD, Windows 11, Blue - NEW",$249.99,No Rating
"~CLEARANCE~ 14"" Dell Latitude Laptop PC: 16GB RAM! 1TB HDD! Windows 10!",$159.95,No Rating
"2024 HP Laptop Computer 14"" HD Quad-Core Intel Pentium Upto 32GB RAM & 1TB SSD",$249.00 to $419.00,No Rating
"HP 15 Laptop 15.6"" HD Pentium Quad-Core N200 16GB 128GB SSD Webcam Win 11 Red",$212.97,No Rating
HP 14” HD Intel i3-1115G4 128GB SSD 4GB RAM Win 11 in S Mode Laptop Silver,$139.99,No Rating
HP EliteBook 830 G7 FHD Touch Laptop Intel Core i7 32GB RAM 256GB SSD Win11 Pro,$299.99,No Rating
"Dell Latitude 13.3"" HD Laptop PC Computer Core i3 8GB RAM 256GB SSD Windows 10",$109.99,No Rating
"15.6"" Dell Latitude Laptop PC: Intel i5 Quad-Core! 32GB RAM! 1TB SSD! Windows 11",$359.95,No Rating
2024 Dell Inspiron 15 Laptop Touch Intel i5-1235U UP 64GB RAM&1TB SSD Win 11 PRO,$449.00 to $699.00,No Rating
HP X360 11 G4 2-in-1 Touchscreen Laptop Core i5 8GB RAM 128GB SSD Windows 11,$148.24,No Rating
New ListingHP EliteBook 840 G6 Laptop PC Core i5-8265U 1.60GHz 512GB SSD NVMe 16 GB DDR4,$284.98,No Rating
Dell Laptop Windows 11 Latitude 5310 Intel Core i5 10th Gen 256 SSD 16GB Webcam,$199.00,No Rating
"15.6"" Dell Latitude Laptop: Intel i5! Backlit Keyboard! 16GB RAM~256GB SSD!",$194.95,No Rating
CHUWI 13.3'' Laptop Computer PC Windows 10 Home PC 2.7GHz 8GB 256GB HD WIFI,$139.19,No Rating
"Lenovo LOQ 15.6"" FHD 144Hz Gaming Notebook R7-7435HS 16GB RAM 512GB SSD RTX 4050",$679.99,No Rating
Panasonic Let's Note CF-SX2 Intel Core i5 HDD 250GB 4GB RAM Windows 10 pro,$110.00,No Rating
"~OVERSTOCK~ 14""Dell Latitude Laptop: Intel i5! 16GB RAM~512GB SSD! Windows 10!",$196.90,No Rating
Dell Latitude Laptop Intel Core i5 2.30 GHz 8 GB Memory 256 GB SSD Win 10 Pro,$139.99,No Rating
Dell Chromebook Laptop Intel 2.6 GHz CPU 4GB Memory 32GB HD Bluetooth Wifi 2021,$74.99,No Rating
Dell Light Gaming Laptop Intel Core i5 3.60 GHz 64GB RAM 4TB SSD Windows 11 Pro,$299.99 to $695.00,No Rating
"HP EliteBook 14"" Laptop PC Computer Core i5 16GB RAM 240GB SSD Windows 10 WiFi",$191.47,No Rating
Dell Inspiron 15.6 Touchscreen Laptop Ryzen 7 7730U 16GB 512GB SSD i3535-A813BLK,$319.00,No Rating
"Lenovo LOQ 15.6"" FHD 144Hz Gaming Notebook R7-7435HS 16GB RAM 512GB SSD RTX 4070",$899.99,No Rating
Lenovo 100W Gen 3 Laptop – Open BOX – Model 82HY – WIN 11,$99.00,No Rating
"15.6"" FHD Lenovo Gaming Laptop PC: Intel i7! 16GB RAM~1TB SSD! Backlit Keyboard!",$259.99,No Rating
2024 Dell Laptop Inspiron 15.6 Touch Intel i5-1235U 32GB RAM 1TB SSD Win 11 PRO,$559.00,No Rating
"Dell Chromebook 5190 Laptop 11.6"" Intel 4GB RAM 32GB SSD Chrome",$56.92,No Rating
"Lenovo LOQ 15.6"" FHD 144Hz Gaming Notebook i5-12450HX 12GB 512GB SSD RTX 2050",$514.99,No Rating
"Dell Latitude 13.3"" Laptop Computer Core i3 8GB Ram 500GB Windows 10 WIFI BT",$110.53,No Rating
"Touchscreen Lenovo IdeaPad 3i 15.6"" Intel I7, 8GB RAM, 512GB, Win 11 82RK00YDUS",$319.99,No Rating
"Lenovo Laptop PC Computer 11.6"" Windows 10 Intel 4GB RAM 64GB SSD WiFi",$95.80,No Rating
"2024 HP Laptop 15.6"" 10-Core Intel i7, 32GB RAM 1TB SSD, Backlit KB, Win 11 Pro",$719.00,No Rating
"Lenovo 15.6"" Full-HD Laptop 4.10GHz 8GB Ram 256GB SSD Drive HDMI Bluetooth Win11",$222.00,No Rating
2024 Lenovo IdeaPad Laptop 15.6 FHD 10-Core Intel i5 16GB RAM 1TB SSD Win11 PRO,$459.00,No Rating
"Lenovo ThinkPad Z16 Gen 1 16"" Notebook AMD Ryzen 7 PRO 16GB 1TB SSD RAM Grey",$649.99,No Rating
"~CLEARANCE~ 15.6"" Lenovo ThinkPad Laptop: Intel i5! 16GB RAM~1TB Storage! Webcam",$179.95,No Rating
"2024 HP Laptop Computer 15.6"" FHD 8-Core Intel i3 Upto 32GB RAM 2TB SSD Win11Pro",$329.00 to $529.00,No Rating
"HP X360 11 G2 11.6"" Touchscreen 2n1 Laptop Core i5 8GB RAM 250GB SSD Windows 10",$124.54,No Rating
"NEW HP 14"" HD Intel N4120 4GB RAM 128GB eMMC Windows + MS Office 365 & 1TB Cloud",$179.99,No Rating
"HP Laptop 15.6"" Full-HD 1080p Intel Core i3 8GB Ram 512GB SSD Drive Windows HDMI",$313.16,No Rating
"12GB HP 17.3"" Full-HD Laptop 12th Intel Core i5-1235U 512GB SSD Drive Windows 11",$434.19,No Rating
